{
  "石家庄市": [
    114.522082,
    38.048958
  ],
  "唐山市": [
    118.183451,
    39.650531
  ],
  "秦皇岛市": [
    119.604368,
    39.945462
  ],
  "邯郸市": [
    114.482694,
    36.609308
  ],
  "邢台市": [
    114.520487,
    37.069531
  ],
  "保定市": [
    115.49481,
    38.886565
  ],
  "张家口市": [
    114.893782,
    40.811188
  ],
  "承德市": [
    117.933822,
    40.992521
  ],
  "沧州市": [
    116.863806,
    38.297615
  ],
  "廊坊市": [
    116.703602,
    39.518611
  ],
  "衡水市": [
    115.686229,
    37.746929
  ],
  "太原市": [
    112.550864,
    37.890277
  ],
  "大同市": [
    113.290509,
    40.113744
  ],
  "阳泉市": [
    113.569238,
    37.869529
  ],
  "长治市": [
    113.120292,
    36.201664
  ],
  "晋城市": [
    112.867333,
    35.499834
  ],
  "朔州市": [
    112.479928,
    39.337672
  ],
  "晋中市": [
    112.738514,
    37.693362
  ],
  "运城市": [
    111.006854,
    35.038859
  ],
  "忻州市": [
    112.727939,
    38.461031
  ],
  "临汾市": [
    111.538788,
    36.099745
  ],
  "吕梁市": [
    111.143157,
    37.527316
  ],
  "呼和浩特市": [
    111.660351,
    40.828319
  ],
  "包头市": [
    109.846239,
    40.647119
  ],
  "乌海市": [
    106.831999,
    39.683177
  ],
  "赤峰市": [
    118.930761,
    42.297112
  ],
  "通辽市": [
    122.260363,
    43.633756
  ],
  "鄂尔多斯市": [
    109.993706,
    39.81649
  ],
  "呼伦贝尔市": [
    119.760822,
    49.201636
  ],
  "巴彦淖尔市": [
    107.423807,
    40.76918
  ],
  "乌兰察布市": [
    113.112846,
    41.022363
  ],
  "兴安盟": [
    122.048167,
    46.083757
  ],
  "锡林郭勒盟": [
    116.02734,
    43.939705
  ],
  "阿拉善盟": [
    105.695683,
    38.843075
  ],
  "沈阳市": [
    123.432791,
    41.808645
  ],
  "大连市": [
    121.593478,
    38.94871
  ],
  "鞍山市": [
    123.007763,
    41.118744
  ],
  "抚顺市": [
    123.92982,
    41.877304
  ],
  "本溪市": [
    123.778062,
    41.325838
  ],
  "丹东市": [
    124.338543,
    40.129023
  ],
  "锦州市": [
    121.147749,
    41.130879
  ],
  "营口市": [
    122.233391,
    40.668651
  ],
  "阜新市": [
    121.660822,
    42.01925
  ],
  "辽阳市": [
    123.172451,
    41.273339
  ],
  "盘锦市": [
    122.073228,
    41.141248
  ],
  "铁岭市": [
    123.85485,
    42.299757
  ],
  "朝阳市": [
    120.446163,
    41.571828
  ],
  "葫芦岛市": [
    120.860758,
    40.74303
  ],
  "长春市": [
    125.313642,
    43.898338
  ],
  "吉林市": [
    126.262876,
    43.678846
  ],
  "四平市": [
    124.391382,
    43.175525
  ],
  "辽源市": [
    125.133686,
    42.923303
  ],
  "通化市": [
    125.94265,
    41.736397
  ],
  "白山市": [
    126.435798,
    41.945859
  ],
  "白城市": [
    122.840777,
    45.621086
  ],
  "松原市": [
    124.832995,
    45.136049
  ],
  "延边朝鲜族自治州": [
    129.485902,
    42.896414
  ],
  "哈尔滨市": [
    126.657717,
    45.773225
  ],
  "齐齐哈尔市": [
    123.987289,
    47.3477
  ],
  "鸡西市": [
    130.941767,
    45.32154
  ],
  "鹤岗市": [
    130.292472,
    47.338666
  ],
  "双鸭山市": [
    131.171402,
    46.655102
  ],
  "大庆市": [
    125.02184,
    46.596709
  ],
  "伊春市": [
    128.910766,
    47.734685
  ],
  "佳木斯市": [
    130.284735,
    46.81378
  ],
  "七台河市": [
    131.019048,
    45.775005
  ],
  "牡丹江市": [
    129.608035,
    44.588521
  ],
  "黑河市": [
    127.50083,
    50.25069
  ],
  "绥化市": [
    126.989095,
    46.646064
  ],
  "大兴安岭地区": [
    124.196104,
    51.991789
  ],
  "南京市": [
    118.778074,
    32.057236
  ],
  "无锡市": [
    120.305456,
    31.570037
  ],
  "徐州市": [
    117.188107,
    34.271553
  ],
  "常州市": [
    119.981861,
    31.771397
  ],
  "苏州市": [
    120.619907,
    31.317987
  ],
  "南通市": [
    120.873801,
    32.014665
  ],
  "连云港市": [
    119.173872,
    34.601549
  ],
  "淮安市": [
    119.030186,
    33.606513
  ],
  "盐城市": [
    120.148872,
    33.379862
  ],
  "扬州市": [
    119.427778,
    32.408505
  ],
  "镇江市": [
    119.455835,
    32.204409
  ],
  "泰州市": [
    119.919606,
    32.476053
  ],
  "宿迁市": [
    118.296893,
    33.95205
  ],
  "杭州市": [
    120.219375,
    30.259244
  ],
  "宁波市": [
    121.579006,
    29.885259
  ],
  "温州市": [
    120.690635,
    28.002838
  ],
  "绍兴市": [
    120.592467,
    30.002365
  ],
  "湖州市": [
    120.137243,
    30.877925
  ],
  "嘉兴市": [
    120.760428,
    30.773992
  ],
  "金华市": [
    119.652576,
    29.102899
  ],
  "衢州市": [
    118.875842,
    28.95691
  ],
  "台州市": [
    121.440613,
    28.668283
  ],
  "丽水市": [
    119.929576,
    28.4563
  ],
  "舟山市": [
    122.169872,
    30.03601
  ],
  "合肥市": [
    117.282699,
    31.866942
  ],
  "芜湖市": [
    118.384108,
    31.36602
  ],
  "蚌埠市": [
    117.35708,
    32.929499
  ],
  "淮南市": [
    117.018639,
    32.642812
  ],
  "马鞍山市": [
    118.515882,
    31.688528
  ],
  "淮北市": [
    116.791447,
    33.960023
  ],
  "铜陵市": [
    117.819429,
    30.94093
  ],
  "安庆市": [
    117.058739,
    30.537898
  ],
  "黄山市": [
    118.29357,
    29.734435
  ],
  "阜阳市": [
    115.820932,
    32.901211
  ],
  "宿州市": [
    116.988692,
    33.636772
  ],
  "滁州市": [
    118.32457,
    32.317351
  ],
  "六安市": [
    116.505253,
    31.755558
  ],
  "宣城市": [
    118.752096,
    30.951642
  ],
  "池州市": [
    117.494477,
    30.660019
  ],
  "亳州市": [
    115.787928,
    33.871211
  ],
  "福州市": [
    119.330221,
    26.047125
  ],
  "厦门市": [
    118.103886,
    24.489231
  ],
  "漳州市": [
    117.676205,
    24.517065
  ],
  "泉州市": [
    118.600362,
    24.901652
  ],
  "三明市": [
    117.642194,
    26.270835
  ],
  "莆田市": [
    119.077731,
    25.44845
  ],
  "南平市": [
    118.181883,
    26.643626
  ],
  "龙岩市": [
    117.017997,
    25.078685
  ],
  "宁德市": [
    119.542082,
    26.656527
  ],
  "平潭市": [
    119.766453,
    25.537738
  ],
  "南昌市": [
    115.893528,
    28.689578
  ],
  "九江市": [
    115.999848,
    29.71964
  ],
  "上饶市": [
    117.955464,
    28.457623
  ],
  "抚州市": [
    116.360919,
    27.954545
  ],
  "宜春市": [
    114.400039,
    27.81113
  ],
  "吉安市": [
    114.992039,
    27.113848
  ],
  "赣州市": [
    114.935909,
    25.845296
  ],
  "景德镇市": [
    117.186523,
    29.303563
  ],
  "萍乡市": [
    113.859917,
    27.639544
  ],
  "新余市": [
    114.947117,
    27.822322
  ],
  "鹰潭市": [
    117.03545,
    28.24131
  ],
  "济南市": [
    117.024967,
    36.682785
  ],
  "青岛市": [
    120.384428,
    36.105215
  ],
  "淄博市": [
    118.059134,
    36.804685
  ],
  "枣庄市": [
    117.279305,
    34.807883
  ],
  "东营市": [
    118.583926,
    37.487121
  ],
  "烟台市": [
    121.309555,
    37.536562
  ],
  "潍坊市": [
    119.142634,
    36.716115
  ],
  "济宁市": [
    116.600798,
    35.402122
  ],
  "泰安市": [
    117.089415,
    36.188078
  ],
  "威海市": [
    122.093958,
    37.528787
  ],
  "日照市": [
    119.50718,
    35.420225
  ],
  "滨州市": [
    117.968292,
    37.405314
  ],
  "德州市": [
    116.328161,
    37.460826
  ],
  "聊城市": [
    115.986869,
    36.455829
  ],
  "临沂市": [
    118.340768,
    35.072409
  ],
  "菏泽市": [
    115.46336,
    35.26244
  ],
  "莱芜市": [
    117.684667,
    36.233654
  ],
  "郑州市": [
    113.649644,
    34.75661
  ],
  "开封市": [
    114.351642,
    34.801854
  ],
  "洛阳市": [
    112.447525,
    34.657368
  ],
  "平顶山市": [
    113.300849,
    33.745301
  ],
  "安阳市": [
    114.351807,
    36.110267
  ],
  "鹤壁市": [
    114.29777,
    35.755426
  ],
  "新乡市": [
    113.91269,
    35.307258
  ],
  "焦作市": [
    113.211836,
    35.234608
  ],
  "濮阳市": [
    115.026627,
    35.753298
  ],
  "许昌市": [
    113.835312,
    34.02674
  ],
  "漯河市": [
    114.046061,
    33.576279
  ],
  "三门峡市": [
    111.181262,
    34.78332
  ],
  "商丘市": [
    115.641886,
    34.438589
  ],
  "周口市": [
    114.654102,
    33.623741
  ],
  "驻马店市": [
    114.049154,
    32.983158
  ],
  "南阳市": [
    112.542842,
    33.01142
  ],
  "信阳市": [
    114.085491,
    32.128582
  ],
  "济源市": [
    112.405268,
    35.105365
  ],
  "武汉市": [
    114.3162,
    30.581084
  ],
  "黄石市": [
    115.050683,
    30.216127
  ],
  "十堰市": [
    110.801229,
    32.636994
  ],
  "宜昌市": [
    111.310981,
    30.732758
  ],
  "襄阳市": [
    112.250093,
    32.229169
  ],
  "鄂州市": [
    114.895594,
    30.384439
  ],
  "荆门市": [
    112.21733,
    31.042611
  ],
  "孝感市": [
    113.935734,
    30.927955
  ],